<?xml version="1.0" encoding="UTF-8" standalone="no"?>
<!DOCTYPE trajet SYSTEM "trajet.dtd">
<trajet depart="Brussels Airport" destination="Faa'a International Airport" distance="22027.90501670645">
<vol compagnie="El Al Israel Airlines" nombreKm="3250.8231275454127" numero="1">
<source iataCode="BRU" pays="Belgium" ville="Brussels">Brussels</source>
<destination iataCode="TLV" pays="Israel" ville="Tel-aviv">Tel-aviv</destination>
</vol>
<vol compagnie="El Al Israel Airlines" nombreKm="12165.98422136498" numero="2">
<source iataCode="TLV" pays="Israel" ville="Tel-aviv">Tel-aviv</source>
<destination iataCode="LAX" pays="United States" ville="Los Angeles">Los Angeles</destination>
</vol>
<vol compagnie="Air France" nombreKm="6611.097667796053" numero="3">
<source iataCode="LAX" pays="United States" ville="Los Angeles">Los Angeles</source>
<destination iataCode="PPT" pays="French Polynesia" ville="Papeete">Papeete</destination>
</vol>
</trajet>
