<?xml version="1.0" encoding="UTF-8" standalone="no"?>
<!DOCTYPE trajet SYSTEM "trajet.dtd">
<trajet depart="Brussels Airport" destination="Faa'a International Airport" distance="15692.738812872138">
<vol compagnie="Brussels Airlines" nombreKm="535.6183574786736" numero="1">
<source iataCode="BRU" pays="Belgium" ville="Brussels">Brussels</source>
<destination iataCode="MAN" pays="United Kingdom" ville="Manchester">Manchester</destination>
</vol>
<vol compagnie="Delta Air Lines" nombreKm="8166.04679602851" numero="2">
<source iataCode="MAN" pays="United Kingdom" ville="Manchester">Manchester</source>
<destination iataCode="LAS" pays="United States" ville="Las Vegas">Las Vegas</destination>
</vol>
<vol compagnie="US Airways" nombreKm="379.9759915689007" numero="3">
<source iataCode="LAS" pays="United States" ville="Las Vegas">Las Vegas</source>
<destination iataCode="LAX" pays="United States" ville="Los Angeles">Los Angeles</destination>
</vol>
<vol compagnie="Air France" nombreKm="6611.097667796053" numero="4">
<source iataCode="LAX" pays="United States" ville="Los Angeles">Los Angeles</source>
<destination iataCode="PPT" pays="French Polynesia" ville="Papeete">Papeete</destination>
</vol>
</trajet>
